{"1:1:[0, 0]": 104.27194519557183, "4:1:[3, 0]": -3.439, "4:0.7:[0, -0.3]": 5.3638024630767775, "4:0.5:[0, -0.2]": 3.904837035534709, "4:0.2:[0, -0.3]": 5.766851602383113, "4:0.7:[0, 0.5]": 5.560593938128942, "4:0.0:[0, -0.5]": 30.647545017654878, "4:0.1:[0, 0.1]": 22.161205332317028, "4:0.2:[0, 0.1]": 11.125068991248874, "4:0.4:[0, 0.2]": 10.721175561069535, "4:0.5:[0, 0.1]": 41.77750187956624, "4:1.0:[0, 0.5]": 15.992944153626507, "0:1.0:[-4, 0]": 81.4151949875, "1:1.0:[0, 0]": 78.7804514643728, "3:1.0:[2, 0]": -7.175704635190001, "4:1.0:[1, 0]": 43.71935792753979, "4:0.6:[0, -0.4]": 1.1779679297802597, "4:0.4:[0, -0.2]": 1.9912209969660708, "4:0.0:[0, -0.4]": 25.993063150297864, "4:0.3:[0, 0.2]": 18.21645215570083, "4:0.6:[0, 0.3]": 15.943122283535985, "4:0.2:[0, -0.4]": 11.994850303948994, "4:0.3:[0, 0.1]": 36.03735801128444, "4:0.4:[0, 0.1]": 35.61771604900611, "4:0.7:[0, 0.3]": 2.9375, "4:0.9:[0, 0.2]": 12.912771791085017, "4:1.0:[0, 0.1]": 79.00872052137618, "4:1.0:[3, 0]": 16.62984784293534, "4:0.9:[0, -0.1]": 21.19790354331446, "4:0.7:[0, -0.2]": 3.115332863072045, "4:0.3:[0, -0.4]": 31.167246912369492, "4:0.3:[0, 0]": 39.13400846686692, "4:0.1:[0, -0.3]": 14.44947358947692, "4:0.6:[0, 0.5]": 8.347389685758571, "4:0.5:[0, -0.1]": 16.61808553322259, "4:0.4:[0, -0.1]": 14.098808652185797, "4:0.8:[0, 0.4]": 17.267971910488942, "4:0.9:[0, 0.1]": 45.728111186192365, "3:1.0:[-1, 0]": 37.973775783478125, "2:1.0:[-1, 0]": 53.11908529393756, "1:1.0:[-1, 0]": 72.53835379095388, "4:0.8:[0, -0.2]": 3.496663835894042, "4:0.7:[0, -0.1]": 11.397309895686146, "4:0.2:[0, -0.2]": 18.7131359526126, "4:0.6:[0, 0.4]": 1.9162820764706443, "4:0.9:[0, 0.3]": 21.42609089057267, "1:1.0:[-3, 0]": 71.19159875, "2:1.0:[1, 0]": -9.113706188034751, "3:1.0:[1, 0]": -7.94108867905351, "4:0.5:[0, -0.4]": 6.215211092388919, "3:1:[2, 0]": -1.0, "4:1:[1, 0]": -4.68559, "4:0.1:[0, -0.4]": 15.532898477314097, "4:0.7:[0, 0.1]": 35.999502948640426, "4:0.8:[0, 0.1]": 34.32627981381107, "4:0.5:[0, -0.5]": 10.504176420408427, "4:0.3:[0, -0.1]": 69.12816952016533, "4:0.4:[0, 0]": -0.6459406524999999, "4:0.7:[0, 0.4]": 10.29901495429429, "0:1.0:[-2, 0]": 58.569875, "4:1.0:[2, 0]": 19.410049924683097, "4:0.5:[0, 0.5]": 6.098718587998157, "4:0.8:[0, -0.1]": 11.927360371633053, "4:0.3:[0, -0.5]": 16.107081863567174, "4:0.5:[0, 0.2]": 20.454827733074172, "4:0.6:[0, 0.2]": 12.083786313021339, "2:1.0:[-2, 0]": 16.9375, "4:0.4:[0, -0.4]": 5.168266370401226, "4:0.6:[0, -0.1]": 14.092155440701731, "2:1:[1, 0]": -4.68559, "3:1:[1, 0]": -4.0951, "4:0.6:[0, 0.1]": 39.24334446612419, "4:0.9:[0, 0.5]": 10.432146791085017, "4:0.9:[0, 0.4]": 10.385872577703447, "4:0.3:[0, 0.3]": 13.890781315473259, "4:0.2:[0, -0.5]": 9.908999053948996, "4:0.3:[0, -0.2]": 22.17928482948909, "4:0.3:[0, -0.3]": 33.73656112775042, "4:0.8:[0, 0.3]": 13.22883500571562, "4:1.0:[0, 0.2]": 34.77628246107738, "4:0.5:[0, 0.3]": 11.344653972298076, "4:1:[2, 0]": -1.0, "4:0.4:[0, 0.4]": 2.370585549994072, "4:0.4:[0, 0.3]": 12.747428160197764, "4:0.4:[0, -0.3]": 2.506185975839719, "4:0.2:[0, 0.2]": 9.247410371044595, "4:0.8:[0, 0.5]": 3.535924113116961, "4:0.6:[0, -0.2]": -0.20866254624999991, "1:1.0:[-2, 0]": 23.75, "4:0.1:[0, -0.5]": 17.464379143990573, "4:1.0:[0, 0.3]": 29.507225265621567, "4:1.0:[0, 0.4]": 20.536762320775498, "4:0.5:[0, 0]": 7.172708329854094, "4:0.5:[0, 0.4]": 11.419445431554164, "0:1.0:[-3, 0]": 33.875, "4:0.6:[0, 0]": 5.426804356587209, "4:0.8:[0, 0.2]": 19.797155383494175, "4:0.5:[0, -0.3]": 4.900070431554162, "4:0.7:[0, 0.2]": 10.38801229488798, "4:0.4:[0, -0.5]": 1.1151953577057772, "4:0.9:[0, 0]": 5.969673694842316, "4:1.0:[0, 0]": 8.704139669214333, "4:0.0:[0, -0.3]": 5.258279051588939, "4:0.2:[0, 0]": 4.087557813873873, "4:0.2:[0, -0.1]": 4.087557813873873, "4:0.6:[0, -0.3]": 2.3062131332840177}