{"1:1:[0, 0]": 67.9151949875, "4:1:[3, 0]": -1.0, "4:0.9:[0, -0.1]": 5.895489558443751, "4:0.9:[0, 0]": 3.3381250000000002, "4:1.0:[0, 0.1]": 6.611623085000001, "4:0.8:[0, -0.1]": 7.900797000000001, "4:1.0:[0, 0.2]": -1.0, "4:0.7:[0, -0.3]": 2.9375, "4:0.9:[0, 0.2]": 2.133955399624151, "2:1.0:[-2, 0]": 6.25, "1:1.0:[-1, 0]": 23.75, "1:1.0:[0, 0]": 89.87881096138797, "4:1.0:[3, 0]": -1.7265312608499999, "4:0.7:[0, -0.1]": 6.0299658125, "4:0.6:[0, -0.1]": 5.746633375, "4:0.7:[0, 0.1]": 11.5749220625, "4:0.9:[0, 0.1]": 6.9135204786780635, "3:1.0:[-1, 0]": 7.916666666666668, "1:1.0:[-2, 0]": 12.5, "4:0.8:[0, 0]": -0.28892826999999993, "4:0.3:[0, -0.5]": 2.6875, "4:0.8:[0, 0.5]": -0.28892826999999993, "4:0.6:[0, -0.2]": 3.13375, "4:0.8:[0, 0.1]": 3.4510362870000004, "2:1.0:[-1, 0]": 6.25, "2:1.0:[1, 0]": -1.0, "3:1.0:[1, 0]": -1.0, "4:1.0:[1, 0]": -0.40495392234999994, "4:0.6:[0, -0.4]": 6.233530753750001, "4:0.7:[0, 0]": 3.1356683562500005, "4:0.9:[0, 0.3]": -0.37778315691897424, "4:0.7:[0, -0.2]": 3.7227201875, "4:1.0:[0, 0.3]": 2.9430875475350002, "1:1.0:[-3, 0]": 12.5, "4:0.8:[0, 0.2]": -0.28892826999999993, "4:0.5:[0, -0.4]": 2.8125, "4:0.6:[0, 0.1]": 3.4360177678375003}