{"1:1:[0, 0]": 109.62192471533723, "4:1:[3, 0]": -4.0951, "4:0.7:[0, -0.3]": 7.299352929492962, "4:0.5:[0, -0.2]": 9.980363580246745, "4:0.2:[0, -0.3]": 13.492685679214333, "4:0.7:[0, 0.5]": 7.244489809693687, "4:0.0:[0, -0.5]": 35.012658871803545, "4:0.1:[0, 0.1]": 29.11387662274188, "4:0.2:[0, 0.1]": 22.65224368295213, "4:0.4:[0, 0.2]": 10.721175561069535, "4:0.5:[0, 0.1]": 49.85176477464604, "4:1.0:[0, 0.5]": 20.714576736718477, "0:1.0:[-4, 0]": 85.77367548875, "1:1.0:[0, 0]": 124.15658551048018, "3:1.0:[2, 0]": -7.175704635190001, "4:1.0:[1, 0]": 43.71935792753979, "4:0.6:[0, -0.4]": 7.467072138753412, "4:0.4:[0, -0.2]": 1.9912209969660708, "4:0.0:[0, -0.4]": 28.84945309634113, "4:0.3:[0, 0.2]": 25.85579698250749, "4:0.6:[0, 0.3]": 15.943122283535985, "4:0.2:[0, -0.4]": 18.122683171738093, "4:0.3:[0, 0.1]": 66.74140058318841, "4:0.4:[0, 0.1]": 38.665618925106074, "4:0.7:[0, 0.3]": 12.444456545336418, "4:0.9:[0, 0.2]": 12.912771791085017, "4:1.0:[0, 0.1]": 83.6551969830008, "4:1.0:[3, 0]": 16.62984784293534, "4:0.9:[0, -0.1]": 22.428112895672754, "4:0.7:[0, -0.2]": 5.043754842142478, "4:0.3:[0, -0.4]": 31.167246912369492, "4:0.3:[0, 0]": 57.895133098194655, "4:0.1:[0, -0.3]": 20.36238971930252, "4:0.6:[0, 0.5]": 11.57199754917168, "4:0.5:[0, -0.1]": 24.66154086718925, "4:0.4:[0, -0.1]": 28.683482891852368, "4:0.8:[0, 0.4]": 17.267971910488942, "4:0.9:[0, 0.1]": 50.91249677358715, "3:1.0:[-1, 0]": 38.675425051283945, "2:1.0:[-1, 0]": 53.11908529393756, "1:1.0:[-1, 0]": 72.53835379095388, "4:0.8:[0, -0.2]": 3.496663835894042, "4:0.7:[0, -0.1]": 26.154000985488704, "4:0.2:[0, -0.2]": 23.564494547155615, "4:0.6:[0, 0.4]": 9.519284877382784, "4:0.9:[0, 0.3]": 23.72013306407437, "1:1.0:[-3, 0]": 71.19159875, "2:1.0:[1, 0]": -9.113706188034751, "3:1.0:[1, 0]": -7.94108867905351, "4:0.5:[0, -0.4]": 12.038565400619378, "3:1:[2, 0]": -1.0, "4:1:[1, 0]": -5.6953279000000006, "4:0.1:[0, -0.4]": 18.95587014074104, "4:0.7:[0, 0.1]": 46.15590095694723, "4:0.8:[0, 0.1]": 31.742955543017555, "4:0.5:[0, -0.5]": 15.898634195836935, "4:0.3:[0, -0.1]": 73.66969224586789, "4:0.4:[0, 0]": 11.116936443166987, "4:0.7:[0, 0.4]": 11.5090687242425, "0:1.0:[-2, 0]": 58.569875, "4:1.0:[2, 0]": 19.410049924683097, "4:0.5:[0, 0.5]": 6.098718587998157, "4:0.8:[0, -0.1]": 11.927360371633053, "4:0.3:[0, -0.5]": 23.40540893402534, "4:0.5:[0, 0.2]": 25.796713843448522, "4:0.6:[0, 0.2]": 19.563637211749594, "2:1.0:[-2, 0]": 16.9375, "4:0.4:[0, -0.4]": 5.168266370401226, "4:0.6:[0, -0.1]": 27.187723035278523, "2:1:[1, 0]": 0.3992048899999996, "3:1:[1, 0]": -5.217031, "4:0.6:[0, 0.1]": 51.41039076583235, "4:0.9:[0, 0.5]": 10.432146791085017, "4:0.9:[0, 0.4]": 10.385872577703447, "4:0.3:[0, 0.3]": 13.890781315473259, "4:0.2:[0, -0.5]": 9.908999053948996, "4:0.3:[0, -0.2]": 25.734846388916925, "4:0.3:[0, -0.3]": 35.96049596687108, "4:0.8:[0, 0.3]": 18.67630242727359, "4:1.0:[0, 0.2]": 34.77628246107738, "4:0.5:[0, 0.3]": 18.00318301075321, "4:1:[2, 0]": -1.0, "4:0.4:[0, 0.4]": 9.004854618443636, "4:0.4:[0, 0.3]": 17.670674494281954, "4:0.4:[0, -0.3]": 2.506185975839719, "4:0.2:[0, 0.2]": 12.63185156967527, "4:0.8:[0, 0.5]": 3.535924113116961, "4:0.6:[0, -0.2]": -0.20866254624999991, "1:1.0:[-2, 0]": 33.875, "4:0.1:[0, -0.5]": 23.204755057340314, "4:1.0:[0, 0.3]": 37.00242973751403, "4:1.0:[0, 0.4]": 20.536762320775498, "4:0.5:[0, 0]": 14.886578420599326, "4:0.5:[0, 0.4]": 11.419445431554164, "0:1.0:[-3, 0]": 42.9875, "4:0.6:[0, 0]": 20.656005559067392, "4:0.8:[0, 0.2]": 23.906805028387755, "4:0.5:[0, -0.3]": 14.205936093013008, "4:0.7:[0, 0.2]": 10.38801229488798, "4:0.4:[0, -0.5]": 6.478321144914141, "4:0.9:[0, 0]": 5.969673694842316, "4:1.0:[0, 0]": 8.704139669214333, "4:0.0:[0, -0.3]": 10.383590444892365, "4:0.2:[0, 0]": 12.40251644871367, "4:0.2:[0, -0.1]": 20.056049631083695, "4:0.6:[0, -0.3]": 2.3062131332840177, "4:0.8:[0, 0]": 7.340095909680076, "4:0.7:[0, 0]": 10.923110293883136, "4:0.1:[0, 0]": 1.413761511158353, "4:0.0:[0, -0.1]": 5.651139298462319, "4:0.1:[0, -0.1]": 24.162307663925027, "4:0.0:[0, -0.2]": 5.651139298462319, "1:1:[-1, 0]": -1.0}