{"1:1:[0, 0]": 91.59575923482885, "4:1:[3, 0]": -1.0, "4:0.9:[0, -0.1]": -0.9061697337681246, "4:0.8:[0, -0.1]": -2.222947010017, "4:0.4:[0, -0.4]": 8.18982725, "4:0.8:[0, 0.4]": -1.0, "4:0.7:[0, -0.1]": -0.48701537148081236, "4:0.7:[0, 0]": 8.962368312499999, "4:0.9:[0, 0.2]": 3.2485724743750004, "4:0.5:[0, -0.4]": 5.6217065625, "4:0.6:[0, 0.1]": 17.529216403558806, "4:0.7:[0, 0.1]": 3.7185219272951318, "4:0.8:[0, 0.1]": 12.1067559957, "4:0.9:[0, 0.1]": 15.009297218125003, "4:1.0:[0, 0.1]": 18.287453312187502, "3:1.0:[-1, 0]": 23.73053291666667, "2:1.0:[-1, 0]": 16.9375, "0:1.0:[-2, 0]": 23.75, "1:1.0:[0, 0]": 90.88998819628371, "2:1.0:[1, 0]": -5.217031, "3:1.0:[1, 0]": -4.0951, "4:1.0:[1, 0]": -0.4501154378124999, "4:0.7:[0, -0.3]": 2.5850206250000003, "4:0.6:[0, -0.1]": 23.551361205155807, "4:0.5:[0, -0.1]": 3.0656250000000003, "4:0.9:[0, 0.4]": -0.7243750000000001, "4:0.2:[0, -0.5]": 5.223750000000001, "4:0.3:[0, 0.1]": 5.36989375, "4:0.4:[0, 0.1]": 6.1848344525000005, "4:0.5:[0, 0.1]": 8.84953902346875, "4:0.8:[0, 0.2]": 6.2373, "0:1.0:[-3, 0]": 33.875, "4:0.5:[0, -0.3]": 6.14273263565625, "4:1.0:[0, 0.5]": -0.44031250000000005, "4:1.0:[0, 0.2]": 3.6846875, "1:1.0:[-1, 0]": 12.5, "4:1.0:[2, 0]": 0.2495895480968754, "4:0.7:[0, 0.2]": -0.71183125, "4:1.0:[0, 0.4]": 4.995501391384063, "4:0.8:[0, 0.3]": -0.43647787, "4:0.3:[0, -0.4]": 2.9293750000000003, "2:1:[1, 0]": -1.0, "3:1:[1, 0]": -1.0, "4:1:[1, 0]": -1.0, "1:1.0:[-2, 0]": 23.75, "4:0.7:[0, 0.3]": 3.3916654418750003, "4:1.0:[3, 0]": 0.6458707980968754, "4:0.5:[0, -0.5]": 6.857021173013157, "4:0.6:[0, 0]": 4.994622508464023}